quarter,start date,end date,portfolio type,start value,end value,log return,portfolio range
1,12/2008,03/2009,unweighted,104516.10996000003,93875.58000999998,-0.10737093321923474,100+
1,12/2008,03/2009,unweighted,6627.204999999998,5770.640000000002,-0.13840015377208736,60-100
1,12/2008,03/2009,unweighted,22633.987999999958,19584.47460000001,-0.14471553026286266,30-60
1,12/2008,03/2009,unweighted,23008.300400000015,20240.207600000045,-0.128183936497976,15-30
1,12/2008,03/2009,unweighted,17657.98369999999,15912.858200000017,-0.10406054114957897,5-15
1,12/2008,03/2009,unweighted,3925.827700000001,3620.4324,-0.08098374176521261,0-5
2,03/2009,06/2009,unweighted,94414.05000999998,98518.75999999998,0.04255708996788954,100+
2,03/2009,06/2009,unweighted,4088.8250000000007,4645.429900000002,0.12762627639686386,60-100
2,03/2009,06/2009,unweighted,17632.509000000005,19628.975000000006,0.10726249040797953,30-60
2,03/2009,06/2009,unweighted,21514.580000000024,25325.442200000016,0.1630786661534298,15-30
2,03/2009,06/2009,unweighted,17643.41620000001,21964.391499999998,0.21905987991980247,5-15
2,03/2009,06/2009,unweighted,4280.845099999998,6422.231500000003,0.40561519960434467,0-5
3,06/2009,09/2009,unweighted,99786.58999999998,112060.125,0.11600175205871466,100+
3,06/2009,09/2009,unweighted,6456.559899999998,7195.089899999996,0.10830218231546951,60-100
3,06/2009,09/2009,unweighted,24211.153400000014,27060.77900000001,0.11127199892145079,30-60
3,06/2009,09/2009,unweighted,24678.896799999995,28684.505100000006,0.15040858710932525,15-30
3,06/2009,09/2009,unweighted,18584.636999999973,21771.227399999963,0.15825398231914356,5-15
3,06/2009,09/2009,unweighted,3516.375799999994,4715.124650000002,0.29334449570671595,0-5
4,09/2009,12/2009,unweighted,112761.97501,110738.13699000001,-0.01811089328392157,100+
4,09/2009,12/2009,unweighted,10163.739899999997,10504.229000000005,0.03295146316972897,60-100
4,09/2009,12/2009,unweighted,31456.959000000028,32804.570100000026,0.04194760747178705,30-60
4,09/2009,12/2009,unweighted,27136.71549999997,27901.3334,0.027786853350624696,15-30
4,09/2009,12/2009,unweighted,17959.86590000001,18290.71760000001,0.018254099933770362,5-15
4,09/2009,12/2009,unweighted,3119.609150000002,3038.1677000000022,-0.026453118098178408,0-5
5,12/2009,03/2010,unweighted,112645.94700000001,132402.11192999998,0.16159390697268883,100+
5,12/2009,03/2010,unweighted,12429.839000000009,12548.211000000005,0.009478152711263732,60-100
5,12/2009,03/2010,unweighted,34085.304400000045,35321.08110000005,0.03561364859808336,30-60
5,12/2009,03/2010,unweighted,25976.48419999999,27338.542699999976,0.05110585211203755,15-30
5,12/2009,03/2010,unweighted,17728.201000000015,19013.70070000004,0.07000316028303644,5-15
5,12/2009,03/2010,unweighted,3069.2069000000033,3544.8656999999994,0.14408108546062692,0-5
6,03/2010,06/2010,unweighted,133290.96693,129283.82501000003,-0.030524278566753438,100+
6,03/2010,06/2010,unweighted,14695.093000000003,12884.934399999998,-0.13145487563402014,60-100
6,03/2010,06/2010,unweighted,35829.587600000035,32169.84020000001,-0.10774464746502233,30-60
6,03/2010,06/2010,unweighted,27643.221699999955,24725.85399999999,-0.1115311345896366,15-30
6,03/2010,06/2010,unweighted,17646.12890000002,15750.50049999998,-0.11364429100033746,5-15
6,03/2010,06/2010,unweighted,2728.1883999999995,2472.826499999999,-0.09827597080523365,0-5
7,06/2010,09/2010,unweighted,127675.27001,132621.63498,0.03801013681690435,100+
7,06/2010,09/2010,unweighted,12165.179400000005,13410.681590000004,0.0974737996443249,60-100
7,06/2010,09/2010,unweighted,31204.369599999987,34265.49170000002,0.09358063856334908,30-60
7,06/2010,09/2010,unweighted,26428.993000000017,29158.648699999936,0.09828993794162777,15-30
7,06/2010,09/2010,unweighted,18658.83179999998,20021.028199999997,0.07046354225177787,5-15
7,06/2010,09/2010,unweighted,3010.7886999999982,3262.4209999999975,0.08026748678035922,0-5
8,09/2010,12/2010,unweighted,135117.55586999992,132017.44001000002,-0.023211148601021137,100+
8,09/2010,12/2010,unweighted,16036.890700000009,17621.718890000004,0.09424043208421828,60-100
8,09/2010,12/2010,unweighted,35994.07920000005,39517.288599999934,0.09338380396309276,30-60
8,09/2010,12/2010,unweighted,27316.888699999952,29840.207400000025,0.08835158109795138,15-30
8,09/2010,12/2010,unweighted,17040.42130000002,18498.469200000014,0.08209973744076215,5-15
8,09/2010,12/2010,unweighted,2835.085299999997,3310.4963000000002,0.15502609281569946,0-5
9,12/2010,03/2011,unweighted,134255.185,139652.07450999995,0.03941179272999307,100+
9,12/2010,03/2011,unweighted,21708.743899999994,22710.645400000005,0.04511865082578126,60-100
9,12/2010,03/2011,unweighted,40263.426699999975,42506.975099999996,0.05422465161719714,30-60
9,12/2010,03/2011,unweighted,27192.834500000008,28247.504299999964,0.038051609230913996,15-30
9,12/2010,03/2011,unweighted,16988.05079999999,17319.229999999985,0.01930724207852741,5-15
9,12/2010,03/2011,unweighted,2503.6751000000045,2704.3954500000027,0.07711870136642851,0-5
10,03/2011,06/2011,unweighted,141553.68451000002,131515.20999000012,-0.07355653070898605,100+
10,03/2011,06/2011,unweighted,25039.390400000008,24122.867100000018,-0.03728996793370065,60-100
10,03/2011,06/2011,unweighted,42984.87610000001,41910.17049999994,-0.025319805051243094,30-60
10,03/2011,06/2011,unweighted,25910.481299999992,24844.075100000045,-0.04202827268578169,15-30
10,03/2011,06/2011,unweighted,16671.5532,16046.138299999995,-0.038235649522880166,5-15
10,03/2011,06/2011,unweighted,2495.343350000002,2309.5790499999985,-0.07736105647516567,0-5
11,06/2011,09/2011,unweighted,132419.35999000008,119926.91996000001,-0.09909129937003591,100+
11,06/2011,09/2011,unweighted,23824.416100000013,18709.01839999999,-0.2417052663833772,60-100
11,06/2011,09/2011,unweighted,40821.90649999997,32869.627899999985,-0.21666979407845055,30-60
11,06/2011,09/2011,unweighted,26719.127700000026,20981.745900000005,-0.2417268853218335,15-30
11,06/2011,09/2011,unweighted,16380.667900000004,13134.730100000002,-0.22084197815680717,5-15
11,06/2011,09/2011,unweighted,2420.5303499999977,1858.7111999999995,-0.2641033247197546,0-5
12,09/2011,12/2011,unweighted,116749.31995000003,125716.35005000001,0.07399910744174854,100+
12,09/2011,12/2011,unweighted,15693.604599999995,16536.493,0.05231635662865486,60-100
12,09/2011,12/2011,unweighted,31625.786599999978,34946.87459999995,0.09985622032283459,30-60
12,09/2011,12/2011,unweighted,24459.159000000014,27016.66070000002,0.09944899165987309,15-30
12,09/2011,12/2011,unweighted,17724.89439999997,19002.27570000001,0.06958863096479817,5-15
12,09/2011,12/2011,unweighted,3004.036600000003,3180.540749999998,0.05709431192285486,0-5
13,12/2011,03/2012,unweighted,127803.26005000001,136513.03997999997,0.06592809043470993,100+
13,12/2011,03/2012,unweighted,19118.243,20860.529900000012,0.08721584183918019,60-100
13,12/2011,03/2012,unweighted,36496.29459999994,39509.081100000025,0.07931980912271008,30-60
13,12/2011,03/2012,unweighted,25265.913200000028,27935.092500000002,0.10042751120880844,15-30
13,12/2011,03/2012,unweighted,16448.49669999999,18420.004200000007,0.11320317182297934,5-15
13,12/2011,03/2012,unweighted,2679.825849999996,3269.9743999999964,0.1990303450642381,0-5
14,03/2012,06/2012,unweighted,139507.0999799999,141856.92607999998,0.016703490971487156,100+
14,03/2012,06/2012,unweighted,24668.174400000007,23355.137399999974,-0.05469694994706131,60-100
14,03/2012,06/2012,unweighted,39283.197400000005,36835.3126,-0.06433991378452397,30-60
14,03/2012,06/2012,unweighted,26880.88130000001,25340.3276,-0.059018198589598114,15-30
14,03/2012,06/2012,unweighted,15676.732299999992,14851.810200000024,-0.0540558371598987,5-15
14,03/2012,06/2012,unweighted,2451.1066,2302.4026500000027,-0.06258638792906357,0-5
15,06/2012,09/2012,unweighted,141690.79107999997,149555.11409000008,0.05401782527908594,100+
15,06/2012,09/2012,unweighted,21331.273399999987,21786.002910000007,0.021093464577857546,60-100
15,06/2012,09/2012,unweighted,37302.75670000001,39066.89030000001,0.04620808277608646,30-60
15,06/2012,09/2012,unweighted,27245.53869999998,28239.108400000005,0.03581804961376811,15-30
15,06/2012,09/2012,unweighted,15851.31630000001,16239.907299999988,0.024219082395497082,5-15
15,06/2012,09/2012,unweighted,2493.7051500000034,2699.653500000001,0.07935381490962357,0-5
16,09/2012,12/2012,unweighted,151491.83909000002,152434.72575,0.006204720442754663,100+
16,09/2012,12/2012,unweighted,22388.831710000006,21349.38069999998,-0.047539517923315344,60-100
16,09/2012,12/2012,unweighted,40188.817099999986,39983.91049999999,-0.005111639638526455,30-60
16,09/2012,12/2012,unweighted,27405.244299999995,27119.68970000005,-0.010474371623692136,15-30
16,09/2012,12/2012,unweighted,14970.07579999999,14534.70640000002,-0.029513927590546274,5-15
16,09/2012,12/2012,unweighted,2376.4001999999996,2372.8670000000006,-0.001487892975077898,0-5
17,12/2012,03/2013,unweighted,152286.80305,175955.16898000005,0.1444636357575515,100+
17,12/2012,03/2013,unweighted,23447.836599999977,25157.63990000001,0.07038338900288998,60-100
17,12/2012,03/2013,unweighted,39751.24219999999,43820.87980000007,0.0974693206293864,30-60
17,12/2012,03/2013,unweighted,27337.46950000006,29639.468299999957,0.08084859135181333,15-30
17,12/2012,03/2013,unweighted,14611.148700000032,15906.781100000006,0.08496065568247779,5-15
17,12/2012,03/2013,unweighted,2463.1346000000017,2786.7455000000014,0.12343966105456161,0-5
18,03/2013,06/2013,unweighted,179190.65498,191487.64996999994,0.06637296489084754,100+
18,03/2013,06/2013,unweighted,28486.945900000017,28167.83198999999,-0.011265326481154858,60-100
18,03/2013,06/2013,unweighted,43489.05070000006,43410.29609999998,-0.0018125480676527417,30-60
18,03/2013,06/2013,unweighted,27621.509299999958,27621.030199999987,-1.7345328593876275e-05,15-30
18,03/2013,06/2013,unweighted,14075.322099999996,14083.033199999998,0.0005476953544061303,5-15
18,03/2013,06/2013,unweighted,2244.6622,2405.5933499999987,0.06924154613845168,0-5
19,06/2013,09/2013,unweighted,192108.19996999996,195380.53401000003,0.016890358599360056,100+
19,06/2013,09/2013,unweighted,30718.719989999998,32799.27095999997,0.06553404789461936,60-100
19,06/2013,09/2013,unweighted,42255.1095,45053.55529999994,0.06412661851693002,30-60
19,06/2013,09/2013,unweighted,27423.418300000012,29110.33480000003,0.05969592805105073,15-30
19,06/2013,09/2013,unweighted,15163.034699999997,16157.60689999998,0.06353041597404285,5-15
19,06/2013,09/2013,unweighted,2128.069250000002,2436.5008000000025,0.1353477983980591,0-5
20,09/2013,12/2013,unweighted,200104.42497000008,209849.27605,0.04755018479023576,100+
20,09/2013,12/2013,unweighted,33299.768999999964,35746.757999999994,0.07090911968776936,60-100
20,09/2013,12/2013,unweighted,45047.154799999975,47983.72649999994,0.06315209660669652,30-60
20,09/2013,12/2013,unweighted,28106.049900000013,29398.80579999999,0.04496920237344426,15-30
20,09/2013,12/2013,unweighted,14622.642999999995,15102.519799999982,0.03229038633441306,5-15
20,09/2013,12/2013,unweighted,1950.934900000001,2164.8664999999996,0.10405000315524848,0-5
21,12/2013,03/2014,unweighted,213765.3260499999,222429.31374,0.03973055401042025,100+
21,12/2013,03/2014,unweighted,38144.21599999996,38234.71281,0.0023696811085951452,60-100
21,12/2013,03/2014,unweighted,46894.20759999997,46877.887700000036,-0.00034807583455354063,30-60
21,12/2013,03/2014,unweighted,28432.726499999975,28613.7845,0.006347753956832847,15-30
21,12/2013,03/2014,unweighted,14251.64089999999,14512.991299999996,0.018172149062996468,5-15
21,12/2013,03/2014,unweighted,1821.8886000000014,1967.8053499999987,0.07704523085215609,0-5
22,03/2014,06/2014,unweighted,223881.11376,225631.06578999994,0.007786044294860517,100+
22,03/2014,06/2014,unweighted,38847.51779000001,39659.55510000002,0.02068772255381468,60-100
22,03/2014,06/2014,unweighted,46223.68780000007,47245.63770000003,0.02186793623420158,30-60
22,03/2014,06/2014,unweighted,29096.715200000002,29260.4702,0.005612177101649962,15-30
22,03/2014,06/2014,unweighted,14874.607599999996,14735.336299999992,-0.009407132112549732,5-15
22,03/2014,06/2014,unweighted,1860.4453499999984,1809.3667000000005,-0.02783899999952144,0-5
23,06/2014,09/2014,unweighted,229661.43081999995,245449.86993000004,0.06648654608432558,100+
23,06/2014,09/2014,unweighted,39460.24010000002,37095.145699999994,-0.061807467831792806,60-100
23,06/2014,09/2014,unweighted,46355.96550000003,44237.17829999999,-0.046784415697267434,30-60
23,06/2014,09/2014,unweighted,29508.79389999998,27500.410300000007,-0.07048739266716275,15-30
23,06/2014,09/2014,unweighted,14801.264699999992,13606.304399999986,-0.08417938566656069,5-15
23,06/2014,09/2014,unweighted,1880.7927000000007,1739.2465000000013,-0.07824136345115651,0-5
24,09/2014,12/2014,unweighted,244275.54993000007,264491.95507,0.07951394411937152,100+
24,09/2014,12/2014,unweighted,35790.80569999998,36381.81809999996,0.01637811070301609,60-100
24,09/2014,12/2014,unweighted,45746.05030000002,47104.61380000002,0.029265498007749358,30-60
24,09/2014,12/2014,unweighted,28576.08410000004,29000.088400000015,0.014728730538815071,15-30
24,09/2014,12/2014,unweighted,15656.557799999999,15733.80539999998,0.004921749738445058,5-15
24,09/2014,12/2014,unweighted,1939.5928999999994,1868.578999999998,-0.037299856740496296,0-5
25,12/2014,03/2015,unweighted,268936.96807000006,261349.73893000014,-0.028617526472576316,100+
25,12/2014,03/2015,unweighted,36163.59509999995,36436.86011,0.007527950057699684,60-100
25,12/2014,03/2015,unweighted,46813.32540000007,47774.038299999986,0.02031446698402206,30-60
25,12/2014,03/2015,unweighted,29258.792800000032,29353.11599999997,0.003218570538210841,15-30
25,12/2014,03/2015,unweighted,14960.984899999976,14964.82689999999,0.000256768307359323,5-15
25,12/2014,03/2015,unweighted,1887.2394999999976,1915.3565000000012,0.014788587815228738,0-5
26,03/2015,06/2015,unweighted,263766.89394,249984.29302000004,-0.05366764762356979,100+
26,03/2015,06/2015,unweighted,38273.96509999997,37199.08290000003,-0.028485794891896177,60-100
26,03/2015,06/2015,unweighted,46842.4422,46253.69769999993,-0.012648265534732417,30-60
26,03/2015,06/2015,unweighted,28311.909099999975,27848.787400000027,-0.016493107354870418,15-30
26,03/2015,06/2015,unweighted,14497.5565,14407.455499999991,-0.0062343023297053435,5-15
26,03/2015,06/2015,unweighted,1924.204200000001,2016.8575999999998,0.04702817691100769,0-5
27,06/2015,09/2015,unweighted,250934.88302,237585.45492999995,-0.05466610628464963,100+
27,06/2015,09/2015,unweighted,36181.56790000004,31855.938,-0.1273260140636765,60-100
27,06/2015,09/2015,unweighted,46877.02549999994,40466.522600000026,-0.14705266420453,30-60
27,06/2015,09/2015,unweighted,29327.24800000002,25381.001300000018,-0.1445161359102869,15-30
27,06/2015,09/2015,unweighted,14982.514199999996,12876.278399999997,-0.15149706629771487,5-15
27,06/2015,09/2015,unweighted,1911.5162000000007,1615.305600000001,-0.168372584358206,0-5
28,09/2015,12/2015,unweighted,234067.89494000003,237654.36988999997,0.01520616822561216,100+
28,09/2015,12/2015,unweighted,30324.48799999997,30200.86752,-0.004084921132246677,60-100
28,09/2015,12/2015,unweighted,41729.9041,42329.50670000003,0.014266404297469393,30-60
28,09/2015,12/2015,unweighted,27455.86990000004,27733.035799999994,0.01004434593246728,15-30
28,09/2015,12/2015,unweighted,16612.59929999999,16683.949100000005,0.0042857240547693465,5-15
28,09/2015,12/2015,unweighted,2220.3302,2216.541800000003,-0.001707689976471194,0-5
29,12/2015,03/2016,unweighted,240640.55990999995,254336.81105000002,0.05535504886364784,100+
29,12/2015,03/2016,unweighted,30274.177499999987,29922.060189999997,-0.011699114086635376,60-100
29,12/2015,03/2016,unweighted,42458.3393000001,41883.169299999936,-0.013639284525421402,30-60
29,12/2015,03/2016,unweighted,27989.960400000007,27064.31420000001,-0.033629847806167845,15-30
29,12/2015,03/2016,unweighted,15917.380800000006,15423.0706,-0.03154716495790133,5-15
29,12/2015,03/2016,unweighted,2160.8698000000013,2145.9205999999976,-0.006942181369349321,0-5
30,03/2016,06/2016,unweighted,256480.2811500001,260859.22003000008,0.016929089895555194,100+
30,03/2016,06/2016,unweighted,30861.59010000001,30913.444199999998,0.0016788048041185277,60-100
30,03/2016,06/2016,unweighted,40034.63669999996,40295.02220000001,0.006482945789501926,30-60
30,03/2016,06/2016,unweighted,27337.236000000004,27719.415500000006,0.013883359349023294,15-30
30,03/2016,06/2016,unweighted,15858.48580000001,16089.091400000003,0.014436750791647412,5-15
30,03/2016,06/2016,unweighted,2268.372099999999,2437.8258499999993,0.07204415934249297,0-5
31,06/2016,09/2016,unweighted,262420.1100300001,262540.16007999994,0.0004573681435626753,100+
31,06/2016,09/2016,unweighted,30755.636199999975,31331.68060000002,0.018556476888539564,60-100
31,06/2016,09/2016,unweighted,41337.21250000001,42755.83300000009,0.03374250717985028,30-60
31,06/2016,09/2016,unweighted,29013.414200000025,30102.857000000036,0.03686180253412097,15-30
31,06/2016,09/2016,unweighted,15243.74580000001,16204.824100000023,0.0611396744008168,5-15
31,06/2016,09/2016,unweighted,2165.7998000000025,2545.333200000002,0.16147184894443534,0-5
32,09/2016,12/2016,unweighted,265624.5100799998,293096.9799600003,0.09841984860438657,100+
32,09/2016,12/2016,unweighted,32765.05560000001,33418.21059,0.019738409223069908,60-100
32,09/2016,12/2016,unweighted,43300.7511000001,44659.31719999996,0.030892976167731234,30-60
32,09/2016,12/2016,unweighted,30067.97450000005,31345.03350000001,0.04159519823918423,15-30
32,09/2016,12/2016,unweighted,14637.722300000014,14631.005799999964,-0.00045895401364859367,5-15
32,09/2016,12/2016,unweighted,2005.6034000000009,2120.5276000000017,0.05571996253216405,0-5
33,12/2016,03/2017,unweighted,296560.23495000036,305307.57605999976,0.029069363472286724,100+
33,12/2016,03/2017,unweighted,35380.6912,35904.650899999986,0.014700613633108262,60-100
33,12/2016,03/2017,unweighted,46243.7187,47069.54540000006,0.01770055456690578,30-60
33,12/2016,03/2017,unweighted,28158.384299999987,28579.798800000004,0.014854978655343132,15-30
33,12/2016,03/2017,unweighted,14225.251099999978,14767.618800000017,0.037418232981945465,5-15
33,12/2016,03/2017,unweighted,2044.293000000003,2243.2436000000034,0.09287084574051008,0-5
34,03/2017,06/2017,unweighted,307617.2610599999,314967.4946200004,0.02361309048179905,100+
34,03/2017,06/2017,unweighted,36947.51550000001,37437.2786,0.013168556381074836,60-100
34,03/2017,06/2017,unweighted,46525.285000000054,46679.63350000004,0.0033120278109386447,30-60
34,03/2017,06/2017,unweighted,28906.21920000002,28714.384899999997,-0.006658555971966962,15-30
34,03/2017,06/2017,unweighted,13754.825900000025,13743.897100000007,-0.0007948587703818788,5-15
34,03/2017,06/2017,unweighted,2068.7768000000024,2024.8184000000022,-0.021477497217350816,0-5
35,06/2017,09/2017,unweighted,318461.9496200004,340472.1500600004,0.06683033050329001,100+
35,06/2017,09/2017,unweighted,36639.853599999995,37412.634000000035,0.020871910698256002,60-100
35,06/2017,09/2017,unweighted,47126.16100000005,48458.71060000004,0.027883825453571376,30-60
35,06/2017,09/2017,unweighted,28665.655899999994,29274.295599999983,0.02101010004694004,15-30
35,06/2017,09/2017,unweighted,13349.972100000005,13540.456000000007,0.014167649951740913,5-15
35,06/2017,09/2017,unweighted,2012.513400000002,2238.9023999999977,0.10660135710420793,0-5
36,09/2017,12/2017,unweighted,345026.6646700004,370145.4098599999,0.07027422511248815,100+
36,09/2017,12/2017,unweighted,37804.66260000006,38949.56701000001,0.029835211470270906,60-100
36,09/2017,12/2017,unweighted,48823.45760000005,49830.21939999999,0.02041072936374455,30-60
36,09/2017,12/2017,unweighted,28612.330099999992,29022.28230000001,0.014226142828292154,15-30
36,09/2017,12/2017,unweighted,13004.42100000002,12845.499399999988,-0.012295867824262174,5-15
36,09/2017,12/2017,unweighted,2006.6306999999993,2080.0796400000013,0.03594913453783111,0-5
37,12/2017,03/2018,unweighted,374408.52486999996,375823.58784999966,0.0037723382779795145,100+
37,12/2017,03/2018,unweighted,39799.71700000001,38957.75330000001,-0.02138199143859154,60-100
37,12/2017,03/2018,unweighted,48673.594799999984,47184.043299999976,-0.031080912055809762,30-60
37,12/2017,03/2018,unweighted,28081.70240000002,27202.1961,-0.03182049508718343,15-30
37,12/2017,03/2018,unweighted,12924.268199999995,12485.2015,-0.03456273686732736,5-15
37,12/2017,03/2018,unweighted,2019.5195400000018,2094.049299999999,0.036240023991885195,0-5
38,03/2018,06/2018,unweighted,376943.1678499997,361092.89003999974,-0.042959189312110624,100+
38,03/2018,06/2018,unweighted,38068.849100000014,39027.65509999999,0.024874161177303122,60-100
38,03/2018,06/2018,unweighted,47639.21099999999,48672.561200000026,0.02145926361656514,30-60
38,03/2018,06/2018,unweighted,27422.57700000001,28393.072600000065,0.03477854066539088,15-30
38,03/2018,06/2018,unweighted,13278.176999999985,13587.022000000008,0.02299321190674597,5-15
38,03/2018,06/2018,unweighted,2118.1754999999994,2296.182779999999,0.08069297836649003,0-5
39,06/2018,09/2018,unweighted,364175.3800499997,405592.39424999984,0.10771313532589666,100+
39,06/2018,09/2018,unweighted,41290.44060000003,42691.08567999999,0.033359121457836594,60-100
39,06/2018,09/2018,unweighted,48889.54950000002,49332.42420000006,0.00901789456302815,30-60
39,06/2018,09/2018,unweighted,27463.89240000003,27297.844100000013,-0.006064409915021329,15-30
39,06/2018,09/2018,unweighted,13390.495300000008,13268.662900000008,-0.009140067158142529,5-15
39,06/2018,09/2018,unweighted,1999.6003799999994,2014.4783000000014,0.007412903092282264,0-5
40,09/2018,12/2018,unweighted,410255.27423999977,381617.4401900001,-0.07236094471466359,100+
40,09/2018,12/2018,unweighted,42785.209589999984,34682.12779999996,-0.20996796725929912,60-100
40,09/2018,12/2018,unweighted,46669.45390000005,37937.62109999994,-0.20714659767933696,30-60
40,09/2018,12/2018,unweighted,27303.184700000034,21744.4724,-0.22764376835855415,15-30
40,09/2018,12/2018,unweighted,13544.590500000002,10826.171700000004,-0.22402073430614067,5-15
40,09/2018,12/2018,unweighted,1966.4467000000016,1400.4314499999998,-0.3394478408151649,0-5
quarter,start date,end date,portfolio type,start value,end value,log return,portfolio range
1,12/2008,03/2009,weighted,753785.4007895653,676834.0865318264,-0.10768154187541157,100+
1,12/2008,03/2009,weighted,6821.576768650955,5487.973041373716,-0.217531664757308,60-100
1,12/2008,03/2009,weighted,24701.792713819,21976.96400942794,-0.11688100621145381,30-60
1,12/2008,03/2009,weighted,23721.107931987095,20880.42380084594,-0.1275532220232929,15-30
1,12/2008,03/2009,weighted,20431.536216399036,17953.25019247066,-0.12930843238675216,5-15
1,12/2008,03/2009,weighted,5715.506365285803,5384.005860354219,-0.05975021535370395,0-5
2,03/2009,06/2009,weighted,488924.84207401105,508182.85390403017,0.03863255097040863,100+
2,03/2009,06/2009,weighted,4208.438560172196,4400.2430905752235,0.04456809667805217,60-100
2,03/2009,06/2009,weighted,18872.58710041021,20972.15218493579,0.10548502003755011,30-60
2,03/2009,06/2009,weighted,22409.61470017868,26462.252806412293,0.16622920068295954,15-30
2,03/2009,06/2009,weighted,20535.54616284153,26352.123530210214,0.24939151738631438,5-15
2,03/2009,06/2009,weighted,6099.370695231764,9384.171399063147,0.43083877507535995,0-5
3,06/2009,09/2009,weighted,458848.13260636944,515505.9632643529,0.1164295817821408,100+
3,06/2009,09/2009,weighted,6328.245905253545,6800.287283869703,0.07194176933782792,60-100
3,06/2009,09/2009,weighted,26213.38827902265,29451.348116652855,0.11646940224108526,30-60
3,06/2009,09/2009,weighted,25720.61713507673,29916.817855442285,0.15112789890441292,15-30
3,06/2009,09/2009,weighted,21678.351252619716,26903.4271722541,0.21593955821943922,5-15
3,06/2009,09/2009,weighted,4873.875553518689,7387.176592034208,0.415856181889696,0-5
4,09/2009,12/2009,weighted,514509.0063691962,506396.2862200629,-0.01589352309723857,100+
4,09/2009,12/2009,weighted,9773.764545747958,10338.601677664472,0.05618291696502986,60-100
4,09/2009,12/2009,weighted,34244.873133897876,35400.53568593104,0.033190088413759256,30-60
4,09/2009,12/2009,weighted,28428.72373983464,29381.473636896746,0.032964293975357606,15-30
4,09/2009,12/2009,weighted,19594.82299416135,20258.086110903336,0.03328862957029699,5-15
4,09/2009,12/2009,weighted,4702.374878883664,4080.462006737772,-0.14185745552702045,0-5
5,12/2009,03/2010,weighted,483267.3896082847,582165.719086591,0.18618504575394468,100+
5,12/2009,03/2010,weighted,11975.634631232098,12118.825498455266,0.011885931639641356,60-100
5,12/2009,03/2010,weighted,35981.68762249626,37241.780273175405,0.03442112478524173,30-60
5,12/2009,03/2010,weighted,26907.64468229413,28580.517772541207,0.060314853774944055,15-30
5,12/2009,03/2010,weighted,19658.778001418912,21294.522426863543,0.07992592038912427,5-15
5,12/2009,03/2010,weighted,3888.8640906073488,4598.803536438219,0.1676790614567807,0-5
6,03/2010,06/2010,weighted,752515.0244702416,739627.7288753188,-0.01727397196802194,100+
6,03/2010,06/2010,weighted,14367.755959685903,12381.20480723112,-0.14880694506651793,60-100
6,03/2010,06/2010,weighted,37674.77083053181,32298.929410246645,-0.15395657720894462,30-60
6,03/2010,06/2010,weighted,29110.523722259943,25151.864552295476,-0.14616771767576253,15-30
6,03/2010,06/2010,weighted,19489.01792950656,17063.317609303136,-0.13292013352922005,5-15
6,03/2010,06/2010,weighted,3648.6992581520844,3454.7013276806692,-0.05463472936999558,0-5
7,06/2010,09/2010,weighted,585399.9546414005,608042.3702664169,0.03794927070156717,100+
7,06/2010,09/2010,weighted,11838.911112136451,13286.807444775372,0.11537996315632881,60-100
7,06/2010,09/2010,weighted,33958.68201646658,37265.7506938132,0.09293014206305372,30-60
7,06/2010,09/2010,weighted,28716.038269681663,32097.033645365806,0.11130782465546574,15-30
7,06/2010,09/2010,weighted,22237.941045659212,24383.668736247666,0.09211370790581164,5-15
7,06/2010,09/2010,weighted,4026.8364095064476,4353.03586216807,0.07789244340224322,0-5
8,09/2010,12/2010,weighted,729900.6712846863,707932.8002227861,-0.030559283901768097,100+
8,09/2010,12/2010,weighted,15827.43383991234,17411.174408473602,0.09536745412157899,60-100
8,09/2010,12/2010,weighted,38264.39745869035,41618.261590255475,0.08401915787939629,30-60
8,09/2010,12/2010,weighted,28920.23298745788,31973.29715156483,0.10035963689463401,15-30
8,09/2010,12/2010,weighted,19179.783297997445,21574.444187124333,0.11765270368332637,5-15
8,09/2010,12/2010,weighted,3766.8246586016953,4704.864515804271,0.22236459589989188,0-5
9,12/2010,03/2011,weighted,714657.2579094031,743102.9189010683,0.039031484964240803,100+
9,12/2010,03/2011,weighted,21987.725690836935,23569.064634864113,0.0694506570806741,60-100
9,12/2010,03/2011,weighted,41758.846750763114,43702.373731969674,0.045491092364228436,30-60
9,12/2010,03/2011,weighted,28405.510983686218,29720.844400793507,0.04526545625303591,15-30
9,12/2010,03/2011,weighted,19146.03518047002,20686.379327130828,0.07737982616520078,5-15
9,12/2010,03/2011,weighted,3660.807194922884,3601.597974685526,-0.016306039324938126,0-5
10,03/2011,06/2011,weighted,677059.8767540116,627753.7048449103,-0.07561181344224366,100+
10,03/2011,06/2011,weighted,25607.769350535946,24863.077921675464,-0.029511907074098787,60-100
10,03/2011,06/2011,weighted,44731.13088836819,44249.64175460964,-0.010822424192930669,30-60
10,03/2011,06/2011,weighted,27054.61173341686,26318.82958895475,-0.027572843017836135,15-30
10,03/2011,06/2011,weighted,18709.358776725174,17513.930629117967,-0.06602726780062795,5-15
10,03/2011,06/2011,weighted,3397.4680530748387,19416.742685741956,1.743105254985073,0-5
11,06/2011,09/2011,weighted,587435.6528201025,541020.4971410659,-0.08230954726970374,100+
11,06/2011,09/2011,weighted,24180.107616093715,20545.05329702411,-0.16291009930862188,60-100
11,06/2011,09/2011,weighted,42397.65596633524,34667.56828096766,-0.201288458656963,30-60
11,06/2011,09/2011,weighted,28360.97519469948,23074.62081601625,-0.20628073976708805,15-30
11,06/2011,09/2011,weighted,17623.954094724355,13041.488979145912,-0.301123269297058,5-15
11,06/2011,09/2011,weighted,2831.1387051897636,2050.4869635555897,-0.3226016919120749,0-5
12,09/2011,12/2011,weighted,425832.8103973004,457779.56820563244,0.07234097074934098,100+
12,09/2011,12/2011,weighted,15639.923131676846,17271.861606412072,0.0992518603320125,60-100
12,09/2011,12/2011,weighted,32535.451242443458,35758.312516199716,0.09445245775025057,30-60
12,09/2011,12/2011,weighted,26223.23522660664,28877.351952414745,0.09641175995598417,15-30
12,09/2011,12/2011,weighted,19031.49144445316,20756.30857983528,0.08675517684729606,5-15
12,09/2011,12/2011,weighted,3726.613848396623,4414.37946494491,0.16936726673780989,0-5
13,12/2011,03/2012,weighted,456430.302832031,487329.4056033652,0.06550428085038007,100+
13,12/2011,03/2012,weighted,19434.910037527465,20821.699522032977,0.06892475375195595,60-100
13,12/2011,03/2012,weighted,37632.16277715303,41067.85093209692,0.0873665218826094,30-60
13,12/2011,03/2012,weighted,27540.766541165718,31593.313451208913,0.13727817190528668,15-30
13,12/2011,03/2012,weighted,17669.853641837024,19997.244433907497,0.12373448232127693,5-15
13,12/2011,03/2012,weighted,3394.0630966898507,4081.053035008679,0.18432729463444097,0-5
14,03/2012,06/2012,weighted,534201.3012640163,545696.4845378143,0.021290195471811657,100+
14,03/2012,06/2012,weighted,25161.9601801772,24152.52780887232,-0.04094429159384738,60-100
14,03/2012,06/2012,weighted,39706.022105347045,37749.38934517112,-0.05053356722300251,30-60
14,03/2012,06/2012,weighted,29060.887107309023,27201.112667431735,-0.06613530506846388,15-30
14,03/2012,06/2012,weighted,17363.891882215405,15575.901783935316,-0.10866790842215757,5-15
14,03/2012,06/2012,weighted,2997.629568599167,2978.7507213740996,-0.006317840935472496,0-5
15,06/2012,09/2012,weighted,578799.26610115,615978.4219248745,0.06225620678694099,100+
15,06/2012,09/2012,weighted,21789.347586615997,22173.209449491133,0.017463571022110713,60-100
15,06/2012,09/2012,weighted,38012.0058930344,40127.65370777669,0.05416366090269342,30-60
15,06/2012,09/2012,weighted,30239.414584989197,32080.44784367992,0.05910055095338329,15-30
15,06/2012,09/2012,weighted,17026.270348781734,17599.205912897956,0.033096316520467184,5-15
15,06/2012,09/2012,weighted,3091.0258660143486,3505.280579334001,0.12576753716257194,0-5
16,09/2012,12/2012,weighted,651719.9958619568,654468.3791474213,0.004208255706554809,100+
16,09/2012,12/2012,weighted,23085.169586684326,22443.691271611573,-0.02818083982061914,60-100
16,09/2012,12/2012,weighted,41361.46291130866,41155.81508212087,-0.004984368363734504,30-60
16,09/2012,12/2012,weighted,30363.28000906463,30310.728271675252,-0.001732265661019028,15-30
16,09/2012,12/2012,weighted,16055.72079809301,16899.617914049082,0.05122579095124635,5-15
16,09/2012,12/2012,weighted,2996.284314145526,3010.720875828447,0.004806584652632395,0-5
17,12/2012,03/2013,weighted,665393.6369269147,771125.9006615798,0.14747285475326954,100+
17,12/2012,03/2013,weighted,23942.974310030444,25769.11291419195,0.07350166827623461,60-100
17,12/2012,03/2013,weighted,40553.85514846424,44603.46209644418,0.09518063397293908,30-60
17,12/2012,03/2013,weighted,29814.662222073355,32540.803973939263,0.08749451535269692,15-30
17,12/2012,03/2013,weighted,15984.58765939672,17813.754948159505,0.10834592206902727,5-15
17,12/2012,03/2013,weighted,3088.8245311060127,3387.2613317081587,0.09223112024953473,0-5
18,03/2013,06/2013,weighted,861797.4923295906,927333.0950314484,0.07329251146784266,100+
18,03/2013,06/2013,weighted,29337.597826292396,29176.086818230084,-0.0055204665104025,60-100
18,03/2013,06/2013,weighted,44479.13640384431,44892.76014024829,0.009256303281867773,30-60
18,03/2013,06/2013,weighted,30542.29729828174,31141.425595411285,0.019426425993479768,15-30
18,03/2013,06/2013,weighted,15693.15353939774,16126.060030434079,0.02721206189219849,5-15
18,03/2013,06/2013,weighted,2732.0544059357294,2952.4289380521664,0.07757434456561008,0-5
19,06/2013,09/2013,weighted,1031650.1050267445,1044845.5910211488,0.012709550657122648,100+
19,06/2013,09/2013,weighted,31807.270261253943,33251.50906056525,0.044405263128888706,60-100
19,06/2013,09/2013,weighted,43482.9318665703,45343.013216928106,0.04188761090473392,30-60
19,06/2013,09/2013,weighted,29853.6025841824,32056.625682114198,0.07119836940865731,15-30
19,06/2013,09/2013,weighted,16815.39978392039,18109.726212895683,0.07415403343071603,5-15
19,06/2013,09/2013,weighted,2679.547453004632,2958.4524111319415,0.0990183780885232,0-5
20,09/2013,12/2013,weighted,1063715.7012513997,1114930.1858271216,0.0470236322001103,100+
20,09/2013,12/2013,weighted,34078.0384663228,36946.35818332099,0.08081393830357975,60-100
20,09/2013,12/2013,weighted,46014.69648079436,49802.965218394565,0.07911369061969786,30-60
20,09/2013,12/2013,weighted,30196.625373572177,31865.266285132195,0.05378640985619576,15-30
20,09/2013,12/2013,weighted,16214.348295642374,16915.940754114603,0.042359869744419854,5-15
20,09/2013,12/2013,weighted,2496.652708476924,2580.5149223396465,0.03303804320662973,0-5
21,12/2013,03/2014,weighted,1055446.7441951006,1105200.5606692873,0.04606268985823547,100+
21,12/2013,03/2014,weighted,39342.94615041199,39281.5818127273,-0.0015609467359425366,60-100
21,12/2013,03/2014,weighted,48766.71079142057,49574.42702238117,0.01642719237406709,30-60
21,12/2013,03/2014,weighted,30139.49581437457,30676.114001201404,0.0176478412596488,15-30
21,12/2013,03/2014,weighted,15336.850025137443,15209.12561471163,-0.008362813898349586,5-15
21,12/2013,03/2014,weighted,2252.5797527722257,2303.8137100894824,0.022489768359081452,0-5
22,03/2014,06/2014,weighted,1312562.86581455,1314106.518907585,0.0011753692944580507,100+
22,03/2014,06/2014,weighted,40666.13785096156,42380.07363859156,0.041282538101773625,60-100
22,03/2014,06/2014,weighted,48116.384954357425,50035.07043904935,0.0391014056893475,30-60
22,03/2014,06/2014,weighted,30719.2379565799,31843.68586094362,0.035950014369712235,15-30
22,03/2014,06/2014,weighted,15871.413565204166,15855.422230677152,-0.001008063708848539,5-15
22,03/2014,06/2014,weighted,2213.470588825081,2567.7375482729276,0.1484634938556697,0-5
23,06/2014,09/2014,weighted,1219525.6955963187,1324583.3492741145,0.08263594755778492,100+
23,06/2014,09/2014,weighted,41101.53904380926,40846.13993661483,-0.006233243876996752,60-100
23,06/2014,09/2014,weighted,48847.99518202797,48307.9157452012,-0.011117903065880341,30-60
23,06/2014,09/2014,weighted,31708.419369840398,30173.655142870106,-0.04961304347934359,15-30
23,06/2014,09/2014,weighted,15773.863677942647,14488.765580267038,-0.08498081118307432,5-15
23,06/2014,09/2014,weighted,2269.9404569975204,2079.8817108005896,-0.08744257846305192,0-5
24,09/2014,12/2014,weighted,1280352.6949004673,1395096.8061582702,0.08582822509358934,100+
24,09/2014,12/2014,weighted,37501.31355546949,38422.10679354824,0.024257031183211097,60-100
24,09/2014,12/2014,weighted,48448.53520154715,50124.36787315186,0.0340051698562327,30-60
24,09/2014,12/2014,weighted,30976.03047485803,31081.220978079924,0.0033901148215296217,15-30
24,09/2014,12/2014,weighted,16964.156365095296,16619.63470038586,-0.02051785936973971,5-15
24,09/2014,12/2014,weighted,2381.409916648846,2349.639526637594,-0.013430790765913692,0-5
25,12/2014,03/2015,weighted,1569512.074062762,1511886.1693200555,-0.037406800124033524,100+
25,12/2014,03/2015,weighted,38117.82758360031,38069.273403898944,-0.0012746038540782934,60-100
25,12/2014,03/2015,weighted,49217.04545260473,48818.49834543742,-0.008130710298233979,30-60
25,12/2014,03/2015,weighted,30893.79675836751,30049.445569732645,-0.027711201041368483,15-30
25,12/2014,03/2015,weighted,15842.502890503272,15819.991298399309,-0.0014219723666037964,5-15
25,12/2014,03/2015,weighted,2486.185485086413,2571.8084970986233,0.03385974463256858,0-5
26,03/2015,06/2015,weighted,1394014.3285216033,1315009.1003594534,-0.05834400496418546,100+
26,03/2015,06/2015,weighted,39650.885792310335,38993.69387826746,-0.016713350490078938,60-100
26,03/2015,06/2015,weighted,48872.47015230739,48478.56314638061,-0.008092552124098873,30-60
26,03/2015,06/2015,weighted,30000.529724982993,29604.205139375776,-0.013298622246580294,15-30
26,03/2015,06/2015,weighted,15361.95273385413,14990.606950287618,-0.02447004910847994,5-15
26,03/2015,06/2015,weighted,2594.1160909994305,2729.4401484166,0.050850675771364706,0-5
27,06/2015,09/2015,weighted,1349492.7822619877,1286291.0428230187,-0.047965888450759664,100+
27,06/2015,09/2015,weighted,37759.95812646528,33626.319094587925,-0.11594016560636966,60-100
27,06/2015,09/2015,weighted,48507.464241108595,43729.04852201195,-0.1037050808069857,30-60
27,06/2015,09/2015,weighted,31149.39832811415,27468.403436609104,-0.12575855157393967,15-30
27,06/2015,09/2015,weighted,15692.564185141335,12841.232243749666,-0.20052571858420265,5-15
27,06/2015,09/2015,weighted,2666.0364844117194,2272.635802027062,-0.15965260258673997,0-5
28,09/2015,12/2015,weighted,1191887.0275572073,1211443.2529116655,0.016274631211425472,100+
28,09/2015,12/2015,weighted,31485.950668510966,32826.303349206704,0.04168868957733629,60-100
28,09/2015,12/2015,weighted,43575.26742219617,45114.958233552985,0.03472413122582729,30-60
28,09/2015,12/2015,weighted,29447.99734523297,29889.57329617298,0.014883794462722477,15-30
28,09/2015,12/2015,weighted,17500.38788467944,17396.354849790074,-0.0059623526399352755,5-15
28,09/2015,12/2015,weighted,3090.4309998144754,3104.4515729133864,0.004526509380474053,0-5
29,12/2015,03/2016,weighted,1088875.8903162554,1168578.1824341104,0.07064191032734257,100+
29,12/2015,03/2016,weighted,31090.039817987777,31234.64487761151,0.004640386704366506,60-100
29,12/2015,03/2016,weighted,44708.934796304195,44877.171165844076,0.003755862932136367,30-60
29,12/2015,03/2016,weighted,29726.524254637163,29225.995979136398,-0.01698113332920137,15-30
29,12/2015,03/2016,weighted,17351.74654582385,17102.486805353976,-0.014469286643008061,5-15
29,12/2015,03/2016,weighted,3108.604184212891,3245.6634336573525,0.04314596715003205,0-5
30,03/2016,06/2016,weighted,1256166.802422601,1276052.4518351934,0.01570642682679768,100+
30,03/2016,06/2016,weighted,31734.527064675214,32440.67077627676,0.02200763647124404,60-100
30,03/2016,06/2016,weighted,42838.80107903611,42793.713396918574,-0.0010530506212500512,30-60
30,03/2016,06/2016,weighted,30323.880957710855,31271.325583118796,0.03076600959309772,15-30
30,03/2016,06/2016,weighted,17406.450271088434,17671.396073474316,0.015106448569040865,5-15
30,03/2016,06/2016,weighted,3246.455129455444,3626.671687012662,0.1107516653801941,0-5
31,06/2016,09/2016,weighted,1366393.1760068024,1365663.2731342802,-0.0005343248966305225,100+
31,06/2016,09/2016,weighted,32172.724186706186,32766.186225387977,0.018278057244003776,60-100
31,06/2016,09/2016,weighted,43376.54709080859,44365.33725526762,0.02253956665963841,30-60
31,06/2016,09/2016,weighted,32049.803158485553,32321.769555938867,0.008449941619176116,15-30
31,06/2016,09/2016,weighted,16853.02450392484,18325.8676424744,0.08378345765376771,5-15
31,06/2016,09/2016,weighted,3295.637827474215,3772.0813941685255,0.13502721948740337,0-5
32,09/2016,12/2016,weighted,1269703.7538756866,1423490.063372023,0.11432803869626262,100+
32,09/2016,12/2016,weighted,33489.48105132829,34060.68248907952,0.016912321825733656,60-100
32,09/2016,12/2016,weighted,44825.281222963924,46715.02997839162,0.041293660705354895,30-60
32,09/2016,12/2016,weighted,32466.369389487238,34200.85529670681,0.05204588687432299,15-30
32,09/2016,12/2016,weighted,15784.635120975807,16694.068710060135,0.05601648308516971,5-15
32,09/2016,12/2016,weighted,2820.1964974789294,3029.261729597234,0.07151237375509023,0-5
33,12/2016,03/2017,weighted,1634102.800530332,1677236.2934346336,0.02605346750064541,100+
33,12/2016,03/2017,weighted,35853.226998798986,36636.936488399784,0.02162334827774437,60-100
33,12/2016,03/2017,weighted,48583.01313803711,49867.94462953794,0.026104458241544393,30-60
33,12/2016,03/2017,weighted,29458.72802225176,30853.299278141298,0.046253456771685464,15-30
33,12/2016,03/2017,weighted,15247.769006264105,16042.955941800963,0.050836673428188206,5-15
33,12/2016,03/2017,weighted,2914.769453197444,3130.4865097467573,0.07139770003477341,0-5
34,03/2017,06/2017,weighted,1578296.4157873495,1612293.4807341394,0.021311640034566537,100+
34,03/2017,06/2017,weighted,37547.307542563336,37954.71512226122,0.010792069390957337,60-100
34,03/2017,06/2017,weighted,48935.18951028726,48779.14224964684,-0.0031939509893206264,30-60
34,03/2017,06/2017,weighted,31034.642172023778,30514.265080389756,-0.0169097881527005,15-30
34,03/2017,06/2017,weighted,14501.076532621171,14674.247741910844,0.01187121290202775,5-15
34,03/2017,06/2017,weighted,2690.5928331452546,2608.8267204097183,-0.030860965547065966,0-5
35,06/2017,09/2017,weighted,1625783.6504698785,1750107.623307376,0.07368733909596337,100+
35,06/2017,09/2017,weighted,37127.38988188744,36704.48421240243,-0.011456035753331761,60-100
35,06/2017,09/2017,weighted,49639.735597628045,50898.23111921398,0.025036536949578192,30-60
35,06/2017,09/2017,weighted,30805.91030497681,31405.7366906538,0.019284008792549656,15-30
35,06/2017,09/2017,weighted,14059.911279739452,14754.881871053618,0.04824642609012919,5-15
35,06/2017,09/2017,weighted,2708.066010828515,2987.164903094076,0.09809001365609848,0-5
36,09/2017,12/2017,weighted,1900171.9687762943,2056537.9093989746,0.07907955050021975,100+
36,09/2017,12/2017,weighted,38732.399305417755,40889.69705959736,0.054201684540899464,60-100
36,09/2017,12/2017,weighted,51006.54564077365,53222.56326953399,0.042528457655016894,30-60
36,09/2017,12/2017,weighted,29898.916784326204,30748.897088504473,0.02803187477734781,15-30
36,09/2017,12/2017,weighted,13916.096428079081,14006.615202217527,0.006483545898174015,5-15
36,09/2017,12/2017,weighted,2725.6626115975155,2688.6714889070213,-0.013664357450966058,0-5
37,12/2017,03/2018,weighted,2096038.6881298306,2110796.832624787,0.007016297625831669,100+
37,12/2017,03/2018,weighted,41110.927863322366,39589.47606750421,-0.0377106438434911,60-100
37,12/2017,03/2018,weighted,51110.6514164707,49754.85133787985,-0.026884944901269137,30-60
37,12/2017,03/2018,weighted,29054.952502659693,27959.19576156248,-0.03844279772747328,15-30
37,12/2017,03/2018,weighted,13842.693590171102,13522.202911962895,-0.023424560202746747,5-15
37,12/2017,03/2018,weighted,2689.4109425279885,2534.7368860283423,-0.05923234999857385,0-5
38,03/2018,06/2018,weighted,2164801.0979250926,2056891.7420351487,-0.05113250537437786,100+
38,03/2018,06/2018,weighted,39396.014338674504,39298.02059801378,-0.002490501126059641,60-100
38,03/2018,06/2018,weighted,50610.61448807732,51132.44731625365,0.010257945745983932,30-60
38,03/2018,06/2018,weighted,28827.572539172263,29391.615654230278,0.019377142865170782,15-30
38,03/2018,06/2018,weighted,14643.233394022092,14892.691975431431,0.016892276788851746,5-15
38,03/2018,06/2018,weighted,2872.40260004134,3175.538225681875,0.10032831544316512,0-5
39,06/2018,09/2018,weighted,1891258.2144995148,2140471.43140526,0.12378377028715448,100+
39,06/2018,09/2018,weighted,42738.766485701526,45783.564298760335,0.0688187800216955,60-100
39,06/2018,09/2018,weighted,51561.358236930486,52366.59919458216,0.015496447571846872,30-60
39,06/2018,09/2018,weighted,28866.071696084695,29093.61737563915,0.007851900251980126,15-30
39,06/2018,09/2018,weighted,14553.967088234338,14402.774789511974,-0.010442726831978888,5-15
39,06/2018,09/2018,weighted,2674.7204672893836,2645.1099963333195,-0.011132225717075173,0-5
40,09/2018,12/2018,weighted,2158643.417737865,2041612.9776570855,-0.055739806288979565,100+
40,09/2018,12/2018,weighted,44273.57412902023,37080.71313419695,-0.17729100544561582,60-100
40,09/2018,12/2018,weighted,49665.693138209666,43094.6322702223,-0.14191596778149673,30-60
40,09/2018,12/2018,weighted,29245.95705277679,23485.585416029004,-0.21935449730699297,15-30
40,09/2018,12/2018,weighted,14361.669962545247,11650.296321592881,-0.2092312344968672,5-15
40,09/2018,12/2018,weighted,2592.390538210877,2001.1812548418814,-0.2588428041172426,0-5
